lat,long
59.35085641787212,18.06802731870795
59.35085703308402,18.06802823003813
59.350857638588394,18.068029105936354
59.350858262700626,18.068029987433995
59.350858866066616,18.068030839054295
59.350859324523185,18.068031491853006
59.35085996662563,18.06803267994948
59.350860577731076,18.06803355535555
59.35086106594902,18.068034265361838
59.35086166569407,18.068035135114577
59.35086221967023,18.068035904017723
59.35086276778044,18.06803663804606
59.35086348349249,18.068037573922744
59.35086399737097,18.06803822644893
59.35086420283585,18.068038481175765
59.35086430588838,18.068038609392925
59.3508643623221,18.06803885386795
59.35086497317516,18.068039616114795
59.35086581861831,18.068040587825326
59.35086632892962,18.06804103542403
59.35086690153766,18.068041407436958
59.35086750271243,18.068041750091673
59.35086792158549,18.068041879232855
59.3508687886614,18.068042032832793
59.350869547828275,18.068042094309114
59.35087015440945,18.06804199045783
59.35087133850344,18.06803730917727
59.3508718513319,18.06803671271185
59.35087230416215,18.068036040661294
59.35087292134103,18.068035052402987
59.35087336117542,18.068034277568707
59.35087382122403,18.068033385314074
59.35087443372551,18.068032194273705
59.35087487463838,18.068031365279214
59.35087535215183,18.06803048733353
59.350875930042065,18.06802943415147
59.35087806508356,18.06802678089263
59.350878556252226,18.068025712991624
59.3508789588543,18.068024852596704
59.35087928276307,18.068024179068843
59.35087978833773,18.06802314292694
59.35088027589005,18.068022157056145
59.3508806379607,18.068021463938997
59.35088116378648,18.06802047071558
59.35088165645223,18.068019569339963
59.35088210441277,18.068018815864534
59.350869686996866,18.068003984643244
59.35086965476819,18.068002981507075
59.350869537319824,18.0680017838489
59.35086942633329,18.06800035087301
59.35086939325245,18.06799945688546
59.350869386469256,18.067998129674766
59.3508694263103,18.067996576739606
59.35086949341711,18.067995703485483
59.35086963333386,18.067994488292893
59.35086982612185,18.067993163800622
59.35088948192518,18.068020498557978
59.35089007372211,18.068019711970987
59.35089063879916,18.068019078804216
59.350891199971024,18.068018604877697
59.350892044090855,18.068018016789374
59.35089264493292,18.06801761309068
59.35089320271314,18.068017173705822
59.3508939433179,18.068016509102332
59.3508943482315,18.06801608448233
59.350894861833,18.06801543128566
59.3508955472515,18.068024774179577
59.35089603042234,18.06802472985071
59.35089679305922,18.06802453927931
59.35089759928627,18.068024219476733
59.350898056172866,18.068023943270447
59.350898752688764,18.068023409198823
59.350899406118984,18.068022786455046
59.35089981480179,18.06802228559019
59.35090040602508,18.068021468924698
59.35090089891609,18.06802070699061
59.350901868729046,18.06801792508082
59.35090238039026,18.06801665632623
59.350902729358694,18.068015665225897
59.35090282512346,18.06801533071357
59.35090285460228,18.068015214927602
59.35090288590072,18.068015078795547
59.350903168554865,18.068013773376514
59.35090350191045,18.06801208017505
59.350903655170896,18.06801110313668
59.350903724390946,18.068010331178936
59.35090146660566,18.068009456795572
59.35090140516478,18.068008001215038
59.35090127116173,18.068006892373624
59.35090103640565,18.068005374635508
59.3509008524401,18.068004369762132
59.35090058822156,18.068003267456334
59.35090026172681,18.068002028110847
59.35090000561259,18.068001161220085
59.350899647174494,18.06800006716442
59.3508992354507,18.067998827719954
59.35089931728307,18.067997425557056
59.35089895922739,18.067996295272103
59.35089856635433,18.067995082712393
59.35089831234577,18.067994352286366
59.35089787647051,18.067993139411985
59.3508975076802,18.067992146182192
59.350897145467854,18.067991332884816
59.350896624385314,18.067990225493403
59.350896192605305,18.06798933168523
59.35089579810508,18.067988547378114
59.35089537301562,18.06798703997289
59.3508950226249,18.067986313562155
59.350894656085245,18.067985527187414
59.35089415312785,18.067984448281898
59.35089376702849,18.067983639640108
59.350893306775255,18.06798270057946
59.35089277792656,18.06798164149397
59.35089240838889,18.067980931291107
59.350891906347705,18.06797999898198
59.350891415819575,18.0679791026508
59.35089149692583,18.06797753291599
59.35089100077846,18.06797654980379
59.35089055954388,18.06797563230433
59.350890140665406,18.0679746800875
59.350889589868004,18.06797342220275
59.35088921010319,18.067972563917685
59.35088879592817,18.06797163920074
59.35088830360159,18.067970548156545
59.350888007325096,18.06796990919206
59.35088760129337,18.067969049095026
59.35088745732809,18.067964559903672
59.35088721133644,18.067963741006203
59.35088684126664,18.067962510626995
59.35088647385701,18.067961366198016
59.35088620704941,18.06796063934345
59.350885759010986,18.067959476826434
59.35088532973269,18.0679584197032
59.350884988967536,18.0679576632159
59.350884431984156,18.06795646199839
59.350884029887055,18.06795563862993
59.350883804754346,18.067956493714
59.35088322761709,18.06795563121705
59.35088283309179,18.06795508557622
59.35088229094054,18.067954363380768
59.35088162946745,18.067953469504012
59.350881163104106,18.067952806014024
59.35088064747501,18.067952054283182
59.35088012790161,18.067951270050813
59.35087975400848,18.067950650493362
59.3508792251695,18.067949770754307
59.35087711375158,18.06795129838568
59.35087662862451,18.067950578026323
59.35087599903956,18.067949612188002
59.350875614009865,18.06794897519259
59.35087516936572,18.06794817975419
59.350874555055924,18.067947099954086
59.35087414187883,18.067946316975995
59.350873698562204,18.067945321527606
59.35087326730529,18.06794423634776
59.35087299379049,18.067943460287523
59.35087419407952,18.067940240288756
59.350873848486785,18.06793896836869
59.35087366810633,18.06793824995544
59.350873370620775,18.067937049361422
59.35087304273139,18.067935771573904
59.350872817988844,18.067934959379873
59.350872466080524,18.06793373807587
59.35087210669695,18.067932526831754
59.35087181477488,18.067931561525388
59.350871388991514,18.06793018121605
59.35087263282671,18.06792784168439
59.35087230971857,18.06792672053049
59.3508719424281,18.067925550975957
59.35087166575159,18.067924745990283
59.350871305409015,18.06792364929646
59.35087084438189,18.067922310742
59.35087058487336,18.06792162285237
59.35087021717099,18.0679206966484
59.35086975719747,18.06791956296607
59.35086943510146,18.067918812404674
59.35087127733003,18.067914962234727
59.35087097033008,18.067913917731097
59.35087068337839,18.067912919330986
59.35087031084126,18.067911649540324
59.3508699676979,18.067910606215904
59.350869587455705,18.067909668569715
59.350869120704594,18.06790863668586
59.350868738206245,18.067907898933754
59.3508682543197,18.067907051793817
59.350867662943905,18.067906045862888
59.350863633345284,18.067910786960294
59.35086301442695,18.06791038529865
59.350862388882874,18.06791001512179
59.35086194520689,18.06790978181739
59.3508612571337,18.067909418661316
59.3508605568323,18.067909028368824
59.35086002335133,18.067908627435713
59.350859355500525,18.06790800032291
59.350858859803665,18.06790745663686
59.350858664770904,18.067907203763774
59.35085395432303,18.067904599181333
59.350853942220226,18.067904554279604
59.350853694294116,18.067903521376877
59.35085338543691,18.0679020336646
59.350853113105416,18.067900646276378
59.350852814927634,18.06789946041549
59.35085252130017,18.067898371138366
59.35085225958364,18.06789752751887
59.35085185267432,18.067896417964093
59.35085138008095,18.06789523948215
59.350850136086954,18.067897080659403
59.35084966690259,18.06789658649087
59.35084884235036,18.067895739816343
59.35084827281272,18.067895212367173
59.35084773463328,18.067894879501353
59.35084704559055,18.067894528215717
59.35084657548736,18.067894353841506
59.350845868043294,18.067894200775495
59.35084511177996,18.06789410969229
59.35084461123458,18.06789414117476
59.35084332845767,18.067897968853718
59.35084266021278,18.06789858926824
59.350842238811666,18.06789907461217
59.35084161812411,18.06789988691152
59.35084107683179,18.06790070914849
59.35084065892776,18.067901474081864
59.350840136884074,18.067902545334242
59.350839802192404,18.067903354846095
59.35083948117984,18.067904318153218
59.35083914463026,18.067905431025356
59.3508403506509,18.067906190745326
59.350840145246565,18.067907436382686
59.350839914348086,18.067908887827944
59.35083976774944,18.067909873738415
59.35083958326984,18.067911196119866
59.35083939804477,18.067912446230586
59.35083925238544,18.067913336533437
59.3508390163609,18.06791471723195
59.3508387961858,18.067915967959678
59.350838591717945,18.067917038592697
59.350837045568014,18.067917955668943
59.350836738737485,18.067918878037624
59.35083635443022,18.067919917185506
59.35083588530672,18.06792119093044
59.350835546658175,18.067922165977116
59.35083518316701,18.067923287923534
59.35083477094585,18.067924601330713
59.3508345740025,18.06792526245646
59.35083423725088,18.067926438258798
59.350833903605235,18.067927616225575
59.35083355681847,18.06792908368128
59.35083322997811,18.067930329355004
59.35083292017008,18.0679314626942
59.350832698070846,18.067932224012964
59.350832339022595,18.067933438324843
59.350831958396526,18.067934712522664
59.3508316923063,18.067935571317584
59.35083129257902,18.06793685118962
59.35083098180056,18.067937836609698
59.3508306815163,18.06793876244615
59.35082931280633,18.067941409217475
59.35082891037628,18.067942429834353
59.35082851807634,18.067943359412464
59.350828078230435,18.067944399678822
59.35082776422706,18.067945146153363
59.35082734555324,18.06794613847574
59.35082681626831,18.067947397805412
59.350826513492535,18.067948118650488
59.35082608425749,18.067949143951303
59.35082562292409,18.067950226312345
59.35082513271816,18.06795135614767
59.35082463114464,18.06795248178579
59.35082421986977,18.067953389252068
59.35082386447306,18.06795415535963
59.35082338448078,18.067955187905515
59.35082303681148,18.067955940259864
59.35082263576048,18.067956793072078
59.35082206976416,18.067957992569042
59.35082172046292,18.067958714585004
59.3508212686686,18.067959630373938
59.35082062907496,18.067960761109102
59.35082029569516,18.067961413668183
59.350819734019964,18.067962512579612
59.35081924713802,18.067963459378237
59.350818866533366,18.067964188472743
59.35081833502446,18.06796520326129
59.35081788612386,18.06796606267867
59.35081773893131,18.067966342871607
59.35081769082248,18.06796643450092
59.35081766683719,18.067966480388673
59.350816410278966,18.06796863659028
59.35081571501677,18.067969942754008
59.35081530000061,18.06797081716678
59.35081493499884,18.067971816188034
59.350814528027925,18.067973026963045
59.350814369269585,18.067973589392032
59.350814121169265,18.06797463975445
59.35081379366639,18.06797622644739
59.350813648541326,18.067977158471088
59.35081350796676,18.067978445003995
59.35081506088172,18.067979204114742
59.350815127281436,18.067980128470538
59.35081527780184,18.067981521887646
59.350815465447226,18.067982850965993
59.35081564471069,18.06798375123076
59.35081593864183,18.067984995226535
59.35081625454583,18.067986118316444
59.3508165896084,18.06798704253931
59.350817061328,18.067988197564237
59.35081749421753,18.067989107283285
59.3508186098875,18.067987116241575
59.35081946742861,18.06798794898209
59.35082002644242,18.06798840083258
59.35082069856611,18.06798880253277
59.35082133208009,18.067989086357223
59.350821785133995,18.06798921498748
59.35082253509961,18.0679893301318
59.35082332445849,18.06798943369507
59.35082389542017,18.067989539352133
59.350824509651275,18.067989666658846
59.350824784030316,18.067989472891476
59.3508252323969,18.067989562534898
59.350825963987475,18.067989704680944
59.35082671330841,18.067989854365514
59.35082735209501,18.067989994371946
59.350828092093266,18.067990155412797
59.35082865496289,18.067990279649184
59.350829310591145,18.06799043607948
59.35083008360671,18.06799062153298
59.350830535889514,18.06799072823674
59.35083230054104,18.06799371830439
59.35083298002348,18.06799415849785
59.35083326100763,18.067994376425354
59.35083358359061,18.067994659894318
59.350834380791184,18.0679953506403
59.35083517002438,18.067996012177407
59.35083567896172,18.06799640794961
59.35083635856385,18.06799692900006
59.35083684698236,18.067997310291688
59.350837415027584,18.067997754126154
59.350839142075046,18.06799932401928
59.35083949705201,18.067999636240746
59.35084005749815,18.06800016680615
59.35084087206687,18.068000967108397
59.350841388231046,18.068001528617895
59.35084193888175,18.06800216934597
59.35084261887608,18.068002959924243
59.350843039215995,18.068003490937823
59.35084369777756,18.06800435607165
59.35084431436148,18.068005182965713
59.350844566263355,18.068006534643786
59.35084509667972,18.068007390941435
59.350845568018805,18.068008158415203
59.350846019851765,18.06800892880581
59.350846698003195,18.068010088734916
59.35084721174366,18.06801096406948
59.350847632995126,18.06801169072537
59.350848180794515,18.068012627726283
59.35084855384849,18.0680132515647
59.350849073472816,18.0680140986032
59.35085040684449,18.068015042225156
59.350850870680816,18.06801567832794
59.35085146900326,18.068016486814784
59.35085212800077,18.068017407500257
59.35085244726782,18.06801788736485
59.35085296267407,18.068018677432903
59.350853532982555,18.06801955892645
59.35085392634923,18.06802019047555
59.350854505088925,18.068021129121252
59.350855056091305,18.068022015396608
59.350855775253535,18.068022793008936
59.35085644983057,18.06802382130481
59.350857044536546,18.06802473351134
59.350857480090475,18.06802541375144
59.350858037012316,18.068026287310268
59.35085853098613,18.06802706713303
59.35085901075967,18.068027828000165
59.35085954187264,18.06802866718422
59.350859957292506,18.06802932859877
59.350860532446816,18.068030254436543
59.35086149725654,18.068031834091027
59.35086197601243,18.06803261503057
59.35086245887965,18.06803341271099
59.35086301039086,18.068034319533226
59.350863404808194,18.068034966575276
59.35086394937545,18.068035847370076
59.350864543798764,18.068036779717904
59.350864934592764,18.068037367070364
59.35086559380878,18.068038343604748
59.35086621336961,18.068039283097846
59.35086675750328,18.068039571442682
59.350866836960265,18.06803968831392
59.35086689780793,18.068039776665238
59.35086720755031,18.06804021052011
59.35086804401152,18.068041368501525
59.350868787862666,18.068042236070465
59.35086931011652,18.068042705999673
59.35086990565988,18.068043168888295
59.35087038326746,18.068043483792813
59.35087094616024,18.06804370410103
59.350873005916355,18.068042852872615
59.3508737176889,18.0680427305725
59.35087428767713,18.068042480748005
59.35087500352785,18.06804209769947
59.35087545141239,18.068041798937458
59.35087606568469,18.068041266086755
59.350876809996215,18.068040508938395
59.350877236728536,18.068039954157552
59.350877752075256,18.068039166458046
59.35087827089619,18.068038308947102
59.35087760555841,18.06803633630981
59.350878037405906,18.06803513724651
59.350878446595644,18.06803391815723
59.35087867804806,18.068033120250213
59.35087897425287,18.06803204099028
59.350879282941705,18.06803092310709
59.35087955507139,18.068029949967098
59.35087997068153,18.068028502774638
59.350880285487094,18.068027528450262
59.35088062748109,18.06802657366324
59.350881909395326,18.068025571809873
59.35088225212294,18.068024880295077
59.350882724576834,18.068023969453872
59.35088325643884,18.06802293817622
59.350883671726294,18.068022125418306
59.350884115413045,18.068021255964094
59.350884602872874,18.068020293464876
59.350884885093265,18.06801973788811
59.35088537342128,18.06801877451951
59.350885945365235,18.068017633074554
59.350887342805954,18.06801683117485
59.35088791649032,18.068015909388972
59.35088835099553,18.068015229798633
59.350888706419475,18.0680146971681
59.35088933700068,18.0680137618371
59.350889836358895,18.068012992420456
59.350890329498384,18.06801217747715
59.350890927739286,18.06801117729449
59.35089132446416,18.06801051203031
59.3508917837074,18.068009737170165
59.350892665111346,18.068007206924143
59.35089300560335,18.068006561448836
59.35089347110427,18.068005681512677
59.35089404440602,18.068004616368434
59.350894384245734,18.068004020026645
59.35089485488476,18.068003225959664
59.350895369635744,18.068002363922716
59.350895670799815,18.068001875726353
59.35089621831282,18.068001007050082
59.350896891667375,18.06799994657697
59.35089806210303,18.06799959655196
59.35089817170702,18.067999458354826
59.35089821284413,18.067999406606084
59.350898461328995,18.067999094503655
59.35089914181425,18.067998240933107
59.35089987252949,18.06799725341493
59.35090008037588,18.067996878519487
59.350900393288356,18.06799625588017
59.350900986379685,18.067995103494336
59.35090152237433,18.067993991635028
59.35090195175595,18.067990484118454
59.350902223818835,18.067989292869616
59.35090243828616,18.06798819906995
59.35090259229137,18.067987120307087
59.35090276061241,18.067985704775737
59.350902845239034,18.06798476910567
59.35090291665411,18.06798346681527
59.35090296720891,18.067982016364446
59.35090296094705,18.0679809960603
59.350902909411914,18.06797972713082
59.35090276354815,18.067978295916287
59.35090265089923,18.067977293643768
59.35090243951295,18.06797579115743
59.35090225175753,18.067974721358265
59.350902021421064,18.06797373264505
59.35090163940963,18.067972267476517
59.35090133993647,18.067971300580222
59.350900967025375,18.067970327305755
59.35090046565761,18.067969131410926
59.350900054274604,18.067968271450372
59.35089601259769,18.067971934523534
59.35089530536533,18.067971617921287
59.35089489911253,18.06797150705453
59.35089424305468,18.067971407404883
59.35089350241121,18.06797132121932
59.3508930709329,18.067971211995854
59.350892350233565,18.06797097078539
59.35089172569098,18.067970717941286
59.350891224543616,18.06797043496558
59.35089050649173,18.067969999029465
59.35089033924723,18.06796702447829
59.35088985500077,18.067966405639627
59.35088918551202,18.067965548037115
59.350888697759224,18.067964877449345
59.35088820920653,18.067964171708933
59.35088760639688,18.067963300987703
59.35088720419664,18.067962715772588
59.35088664505541,18.06796190788298
59.350886034982835,18.067961042968165
59.350885642613065,18.067960482160718
59.35088570534657,18.06795786149957
59.35088522819221,18.067956948823557
59.350884892061444,18.067956288237934
59.35088436778287,18.067955253921696
59.35088389002648,18.067954327509504
59.35088352650571,18.067953639285328
59.3508829513347,18.067952574384773
59.350882518794464,18.067951784376405
59.350882087317984,18.067951010214173
59.35088155271873,18.06795005402076
59.35088051247744,18.06794989284472
59.35088008998497,18.067949226487855
59.3508794734855,18.067948267533527
59.350879008843044,18.067947551650494
59.35087845431899,18.067946705835137
59.350877851956696,18.06794577245027
59.350877463454964,18.067945095254178
59.35087694447738,18.06794413050397
59.350876493987485,18.067943260903583
59.350876150659246,18.06794252179202
59.3508756217701,18.06794136557153
59.35087524343091,18.06794016817916
59.3508749351392,18.067939374799803
59.3508744563035,18.067938152817817
59.350874080233865,18.06793716889988
59.35087379178926,18.06793635449562
59.35087331023008,18.06793499588109
59.35087297005417,18.06793402413512
59.35087264073988,18.067933071359768
59.350872179544965,18.06793175132865
59.35087335494241,18.067930297324843
59.35087312081326,18.06792938202359
59.350872764685676,18.067927987762207
59.350872577707605,18.067927245982453
59.350872312743576,18.067926180171213
59.35087195934621,18.067924806540834
59.350871700172135,18.06792395304746
59.350871322050864,18.0679228791996
59.35087087034118,18.067921648442567
59.350870551449546,18.067920821973896
59.350869590892124,18.067920490071437
59.35086909179634,18.067919450654216
59.35086878013102,18.067918821225124
59.35086827210866,18.067917796358856
59.35086777924153,18.06791678069557
59.35086747713931,18.06791613966633
59.35086698917829,18.067915091974136
59.350866540765274,18.067914112081368
59.35086615126933,18.067913243276873
59.35086564533711,18.06791211850292
59.35086327884183,18.067910590083656
59.35086292078301,18.067909599502677
59.350862491106845,18.06790839073568
59.35086226528988,18.067907748986965
59.35086191591,18.067906725596632
59.35086146914165,18.067905400289476
59.35086123929574,18.067904666707687
59.3508609377673,18.067903634766747
59.350860548711395,18.067902321681466
59.35086033143572,18.067901551737034
59.350859156927,18.067900341666245
59.35085912791894,18.067900257013438
59.35085910864162,18.06790019881861
59.35085879573743,18.06789920596062
59.35085827947799,18.067897588615587
59.3508579374177,18.067896710796962
59.3508575618976,18.067896001513823
59.35085696188382,18.067894920749886
59.350856487983044,18.067894120562382
59.35085600089889,18.067893452189335
59.3508543725505,18.067892295578925
59.35085393776001,18.067891941320987
59.35085334459819,18.067891569342336
59.350852651818464,18.06789119493763
59.3508521307229,18.06789099762109
59.35085148007431,18.06789085858464
59.3508506436922,18.067890773920947
59.350850187260406,18.067890805366556
59.350849564746056,18.06789092758132
59.35084888995668,18.06789112776982
59.35084891179993,18.067894067748476
59.350848324362616,18.06789471371277
59.35084766018859,18.06789552174022
59.350847404239644,18.067895904333252
59.3508471558143,18.067896343263794
59.350846569949624,18.067897383797366
59.35084593883974,18.067898555400127
59.35084553423489,18.067899497200813
59.350845096435435,18.06790074126086
59.35084483367094,18.06790158545711
59.3508454625563,18.067902987683254
59.35084524053769,18.06790442368056
59.35084510483288,18.06790546215094
59.35084498378701,18.067906633968715
59.35084483426435,18.06790812286675
59.35084473743494,18.06790901189016
59.35084459846151,18.06791025894307
59.35084441346604,18.067911834698048
59.35084431503501,18.067912650049863
59.35084418710878,18.06791370614653
59.35084346463691,18.06791486607483
59.350843301980845,18.06791588116552
59.35084309509439,18.067917198611227
59.350842882141805,18.067918484264197
59.35084272083134,18.06791931588758
59.350842453588314,18.067920650007988
59.35084218062087,18.067921959254303
59.350842008147,18.067922697254005
59.35084169803862,18.067924010878823
59.3508413858076,18.067925299935048
59.35084059495475,18.067925569816186
59.35084021764955,18.067926717143596
59.35083981964564,18.06792789461313
59.35083949481404,18.067928803662326
59.350839078506795,18.06792996711718
59.350838723215816,18.06793092410654
59.35083839211524,18.067931747697315
59.35083791727682,18.067932921717187
59.35083750745213,18.067933896423078
59.350837098790905,18.067934806456837
59.35083547887139,18.067936167068545
59.350835094045905,18.06793683367338
59.35083461712477,18.06793763902271
59.3508340831295,18.067938551729522
59.35083375173578,18.067939135922348
59.3508332263748,18.067940082874916
59.350832674964515,18.06794109322254
59.35083234847177,18.067941701227173
59.350831875053146,18.06794259031725
59.35083139617595,18.06794349503796
59.35083123958882,18.067944856448793
59.35083077726901,18.067945858178504
59.350830272409404,18.067946975151095
59.35082993130034,18.06794775258352
59.35082947902804,18.067948804285784
59.350829036680665,18.06794978790134
59.350828610234444,18.067950648846633
59.3508280522469,18.06795174129517
59.35082763482198,18.06795251628123
59.350827184322625,18.067953278073624
59.35082586673181,18.067954343260443
59.350825410826126,18.067954975165055
59.35082489613082,18.06795566547536
59.35082430904325,18.067956461239714
59.35082391719146,18.067957033512872
59.35082336154321,18.067957912631506
59.35082275837512,18.067958869332962
59.350822397713856,18.067959449731347
59.35082190949386,18.067960236744845
59.35082138917843,18.067961080509164
59.35082169770757,18.06796227580341
59.35082119476675,18.067963289233997
59.35082068825413,18.06796431483014
59.350820397215266,18.06796491597435
59.35081992515974,18.06796590215857
59.350819408166096,18.067966929808456
59.350819067560465,18.067967542829237
59.35081850108584,18.067968537527918
59.35081803117392,18.067969329810502
59.35081760782414,18.067969981155397
59.35081666137342,18.06797038874638
59.35081617491943,18.067971025963914
59.35081565516542,18.067971679961875
59.35081499857674,18.067972512341726
59.3508145014727,18.067973175211698
59.35081436142005,18.067973370931657
59.350814314701594,18.067973436519235
59.350814285078236,18.067973479739848
59.35081378794707,18.067974223010363
59.35081314467902,18.067975199703294
59.35081244041075,18.067976718912853
59.35081206265491,18.067977617759194
59.350811679465124,18.067978646593012
59.350811444851054,18.06797937907885
59.350811144456046,18.06798051994331
59.3508107738819,18.06798208296877
59.35081060165626,18.067983020936374
59.350810413976134,18.067984328369796
59.350810283537925,18.06798551503955
59.350810229225814,18.067986511042804
59.35081214382461,18.067988907712873
59.3508123686716,18.0679902563675
59.35081260052279,18.067991252101734
59.350812985014244,18.06799264123066
59.35081330402393,18.06799359059589
59.350813625947666,18.067994343370998
59.35081421720361,18.067995580026793
59.350814666093015,18.067996387034505
59.350815097896486,18.067997008688835
59.35081568899513,18.06799776416945
59.35081619516963,18.06799627417705
59.350816848146145,18.06799667346856
59.3508176054929,18.067997041034232
59.35081800639988,18.06799715769964
59.350818687333586,18.06799724769235
59.350819355559565,18.06799726693992
59.350819819806446,18.067997233769766
59.35082050486994,18.067997112639986
59.350821263219586,18.06799696373504
59.35082169940034,18.067996909231343
59.35082277530001,18.067995480853234
59.35082340390011,18.06799532054662
59.35082393625512,18.06799523170951
59.35082470001211,18.067995114549234
59.35082532266131,18.067995053578894
59.35082583360591,18.06799504923
59.35082667277026,18.067995035194517
59.3508273206545,18.067995054498784
59.35082753025049,18.06799507431676
59.35082808948356,18.067995115130305
59.35083019267984,18.067997951259684
59.35083082353928,18.067998256087105
59.35083145538883,18.0679985713276
59.350832128310756,18.067998917322594
59.350832621623425,18.067999205616836
59.350833304386114,18.06799961923796
59.35083393215238,18.068000011219723
59.35083439573519,18.068000328226802
59.35083504029359,18.06800075888825
59.350835677383316,18.06800120273546
59.35083736521583,18.068002434562818
59.35083812892248,18.068003040598708
59.3508386473101,18.068003488786196
59.350839174221264,18.068004006765374
59.35083982851348,18.06800464782105
59.35084023816536,18.06800508058243
59.35084081383316,18.068005771308535
59.350841475848625,18.068006574608027
59.350841875663676,18.068007099419145
59.35084244908239,18.068007901048905
59.35084309890846,18.06800986336028
59.35084347421803,18.06801047002537
59.35084403150539,18.06801136365785
59.35084453120194,18.06801213951422
59.35084491414475,18.068012709306707
59.350845503814746,18.0680135639939
59.350846038470635,18.06801431584021
59.350846463118614,18.068014893165476
59.35084699084887,18.06801560639544
59.35084745378249,18.068016223386458
59.35084894336353,18.068016637208764
59.350849667478016,18.068017386867353
59.35085020388344,18.068017941419015
59.3508507524669,18.06801850793477
59.35085138613456,18.068019163379706
59.35085185787616,18.068019686086835
59.3508523765549,18.068020320923893
59.35085302458489,18.068021131289257
59.35085343663296,18.068021684296106
59.35085401158918,18.068022520706123
59.35085487801244,18.068025315086153
59.35085522545743,18.0680259361125
59.35085570549188,18.06802679580696
59.35085622999381,18.068027696034655
59.350856572789915,18.068028233976
59.35085714202967,18.068029088357775
59.35085772637873,18.068029943287886
59.350858131676034,18.06803050543092
59.350858738754496,18.068031318906502
59.350859248703756,18.068031970673296
59.35086065868602,18.068031513940547
59.350861439756784,18.068032141582695
59.350861962553154,18.068032567005407
59.3508624711815,18.068032975908235
59.35086324857936,18.068033606067704
59.35086377087208,18.068034084227737
59.350864285753474,18.068034619335464
59.35086497529564,18.06803535676412
59.3508653396267,18.068035783230293
59.35086546245246,18.068035943572625
59.350866242415115,18.068039075170276
59.350866311094585,18.068039206059524
59.350866808460296,18.068040211991793
59.350867491612476,18.068041600764097
59.35086787684928,18.06804224733209
59.350868359381764,18.068042890086875
59.35086889502506,18.068043538757795
59.35086923076655,18.068043849370365
59.35086988729803,18.068044368436635
59.35087061324245,18.068044831635408
59.350871467893924,18.06804312624572
59.35087215445281,18.068043082773865
59.35087283607566,18.06804295466274
59.3508732903949,18.068042776252064
59.3508739965912,18.06804240848971
59.350874642815235,18.068041986495928
59.35087510348794,18.068041573538956
59.350875789760124,18.068040860061842
59.350876309052865,18.068040215512415
59.350876837713955,18.068039416670846
59.35087625678487,18.06803670356345
59.35087656387971,18.06803585278557
59.350876864534044,18.068034928931738
59.350877292952305,18.06803360403397
59.35087755545066,18.068032840913357
59.350877935602156,18.06803177979256
59.350878386472985,18.068030542293577
59.35087866205728,18.06802980148274
59.35087906157466,18.068028731007743
59.35087955132804,18.068027465970452
59.3508807375978,18.06802657733436
59.35088120332796,18.068025672509965
59.3508816699796,18.06802477641708
59.350881951305816,18.068024253542475
59.35088244912846,18.068023335832535
59.35088301657423,18.06802228884
59.35088333028526,18.068021708415554
59.350883868845905,18.068020714599207
59.35088428278947,18.068019947752667
59.350884678442725,18.068019209859248
59.35088650440793,18.068018167752008
59.35088701129543,18.0680175240137
59.3508875019143,18.068016900152315
59.35088820077442,18.068016008058336
59.350888628581366,18.068015413071215
59.35088910760611,18.068014696552332
59.35088967678324,18.06801383357237
59.35089005201647,18.068013238224815
59.35089049774921,18.06801247928886
59.35089108418043,18.06801148607864
59.35089096170414,18.06800885110054
59.35089135137219,18.068007922308926
59.35089182325667,18.068006798212267
59.35089217641939,18.068005952167255
59.35089264333548,18.068004839980173
59.350893127461774,18.068003731798605
59.350893394753356,18.068003193439992
59.35089389370521,18.068002246691734
59.35089439477008,18.06800133640221
59.35089474002834,18.0680007727838
59.350896320814485,18.06799991557402
59.350896872465526,18.067999236332696
59.35089714741656,18.06799892061209
59.350897234239994,18.067998822986038
59.35089726622461,18.067998787223473
59.350897276747126,18.06799877544858
59.35089754035095,18.06799846635258
59.3508982386591,18.067997650725797
59.35089893940057,18.067996793958088
59.35089938976268,18.067996052428605
59.35090157610033,18.06799284197463
59.35090192417502,18.067992095354562
59.35090228297483,18.06799111289538
59.350902678421136,18.067989919645353
59.350902936632465,18.06798901703832
59.350903206044606,18.067987831096943
59.35090347486002,18.067986513547105
59.35090362732059,18.067985587256018
59.350903789224134,18.06798428336034
59.350903943590936,18.0679827975401
59.350902068833115,18.067982296714597
59.350901936508784,18.06798107001107
59.35090175976576,18.067979716194486
59.350901636000565,18.067979024660588
59.350901366002674,18.067977784834646
59.35090106086653,18.067976513508093
59.35090080910794,18.067975661909994
59.35090039047935,18.06797444107955
59.35089997395427,18.067973341458345
59.35089960688455,18.067972552574243
59.35089838924348,18.06797273940363
59.35089788992549,18.0679721093769
59.350897342150375,18.067971526164534
59.35089663083009,18.06797085348962
59.35089611450243,18.067970408676217
59.350895588961805,18.067969984371317
59.350894945294556,18.06796945746686
59.35089443174272,18.06796903731889
59.350893807446944,18.06796853195312
59.350893131705575,18.06796798430717
59.35089279341278,18.067967330250653
59.35089213693671,18.067966798920914
59.350891409750965,18.067966215535577
59.350890935140065,18.06796585709069
59.35089027543431,18.067965380523706
59.35088965426044,18.067964953999024
59.35088915963233,18.067964664467077
59.350888464131835,18.067964279377023
59.350887875454504,18.067963914468613
59.35088737348464,18.067963538420273
59.35088677495353,18.067960835158775
59.35088625926605,18.067960205397764
59.350885782581614,18.067959550440676
59.35088512425747,18.067958632540886
59.350884680856296,18.067958019308126
59.35088422763146,18.067957399750508
59.35088363274669,18.067956604306175
59.350883216591086,18.06795606007091
59.35088271638476,18.06795542643251
59.35088202191031,18.06795452544513
59.35088146607798,18.067952899310413
59.350880945999414,18.067951996559017
59.350880377197015,18.067950992996867
59.35088000483671,18.067950268060677
59.350879525436454,18.067949294080602
59.350879061150366,18.06794833972928
59.35087875031139,18.06794767958162
59.35087823819866,18.067946599990368
59.35087782292317,18.067945718905204
59.35087746988286,18.06794494361722
59.35087691471551,18.067942609051325
59.35087653365201,18.067941664641385
59.35087615305292,18.06794066680871
59.35087567781504,18.06793941121646
59.35087533425673,18.067938520090074
59.35087497041791,18.06793757887554
59.350874547719854,18.06793649421468
59.35087424981292,18.067935743920675
59.35087387152164,18.067934800146055
59.35087334523744,18.067933489961607
59.35087283743709,18.067932559007733
59.35087242807744,18.06793154498736
59.35087196547772,18.06793040393534
59.3508716580086,18.067929639384314
59.35087120633759,18.067928510363668
59.3508707185984,18.067927288858787
59.350870450040574,18.06792659964791
59.35087002768357,18.06792550362812
59.35086960821178,18.067924409581423
59.35086936147505,18.067923754052952
59.35086844569394,18.0679215478052
59.350867960274016,18.06792027771104
59.350867712243456,18.067919614424685
59.35086729865496,18.067918504181897
59.35086688195349,18.06791738744413
59.35086658681649,18.06791658529767
59.35086616331053,18.067915427166696
59.35086575820638,18.0679143100941
59.350865469982814,18.067913481458717
59.35086505482087,18.067912290956436
59.35086470829898,18.067910708373105
59.3508644153696,18.06790981644436
59.35086399218253,18.06790852441897
59.35086365299857,18.067907488355896
59.35086340759772,18.067906735256738
59.35086298360433,18.067905444234942
59.35086259898202,18.067904295100345
59.3508622970055,18.06790341515911
59.35086188162357,18.067902214384755
59.35086155219924,18.06790128897849
59.35086070357545,18.067899486128066
59.35086066358063,18.06789938167238
59.35086064963953,18.067899346025484
59.350860375289585,18.067898672896245
59.35085979851742,18.067897290797504
59.3508593047211,18.067896262219683
59.35085886869177,18.067895563009507
59.35085821085977,18.067894627428185
59.35085777712414,18.067894093900186
59.350857261609306,18.067893587931295
59.35085556760603,18.067892588368245
59.350855108488815,18.067892319569193
59.35085448000059,18.06789206863746
59.35085366305859,18.067891820764842
59.3508532070259,18.06789174692817
59.350852549025205,18.067891742665676
59.3508518727096,18.06789180408849
59.35085159068849,18.06789187763936
59.350851213046994,18.067892031025167
59.35085038008501,18.067892397816912
59.35085066581373,18.067895334128156
59.35085020559881,18.06789593317469
59.35084959314492,18.06789687064774
59.35084920771769,18.06789756001467
59.35084877766688,18.067898478077787
59.35084829922339,18.067899605495473
59.350848073027436,18.067900220362386
59.35084775059368,18.067901244037497
59.350847405197214,18.06790241686959
59.35084714537905,18.067903430246098
59.350846969847055,18.067904687384335
59.35084673343563,18.06790611561064
59.350846592466816,18.067907030660844
59.35084640303586,18.06790829677974
59.35084621556385,18.067909510623053
59.35084605696838,18.067910485990872
59.35084581510039,18.067911933154534
59.35084562005373,18.067913061205406
59.35084544110121,18.067914093844557
59.350845185022415,18.067915587347525
59.350844542094535,18.067915883585652
59.350844314706364,18.067917017158035
59.35084401280042,18.06791849090233
59.3508437830936,18.067919458353906
59.35084349658379,18.067920473871006
59.350843125418336,18.067921749671648
59.350842891139784,18.067922492145883
59.35084257213447,18.067923459828762
59.35084215030109,18.067924747180648
59.35084189863518,18.067925511533936
59.35084108599129,18.0679271721852
59.35084061079016,18.06792851332668
59.35084033612506,18.067929277377743
59.35083998236253,18.067930253678025
59.350839511348084,18.06793153473847
59.35083924767028,18.067932192056517
59.350838839100525,18.067933164769897
59.35083829856451,18.06793444086177
59.35083796855588,18.06793516994401
59.35083751990341,18.067936122066598
59.350836821866395,18.067937160897188
59.35083657679469,18.06793762842498
59.35083607107195,18.067938593900667
59.35083551010975,18.0679396654165
59.350835169204416,18.06794031046913
59.35083467233022,18.067941253408133
59.350834155479646,18.067942221831974
59.3508338057843,18.06794285166294
59.35083324421812,18.067943854554308
59.35083277977641,18.06794467932966
59.35083214104532,18.067945531036678
59.35083155254641,18.067946506778384
59.35083104966256,18.067947322395813
59.350830685610376,18.06794789783282
59.350830120601586,18.067948795974427
59.35082965073691,18.06794954188284
59.3508292380553,18.067950189991485
59.35082867882013,18.06795106523407
59.35082815288851,18.06795188493697
59.350827727896586,18.06795254127978
59.35082650961037,18.067954424120057
59.35082601991654,18.06795516955702
59.350825584612494,18.067955833818782
59.350825029651254,18.067956687008
59.35082465525047,18.06795727025273
59.350824231689614,18.067957936624232
59.35082358635259,18.067958943021974
59.35082319880035,18.06795954308984
59.35082269609589,18.067960316611938
59.350822058648816,18.067961298976577
59.350821436558945,18.067961870193294
59.350820880379295,18.067962688642403
59.35082022292485,18.06796366141933
59.350819874876116,18.06796417634044
59.350819371249564,18.06796492480411
59.350818844710886,18.0679657093804
59.350818545434315,18.067966162422298
59.350818048330325,18.067966918502282
59.35081747780926,18.067967789000523
59.35081707898627,18.067968402610347
59.35081668410851,18.067969957342054
59.350816169606475,18.067970861582783
59.3508158125957,18.067971505884962
59.35081529765827,18.067972444987948
59.35081478803083,18.06797335993049
59.350814578471194,18.067973725553674
59.35081450906749,18.067973845015445
59.35081448761174,18.067973881758522
59.35081434619984,18.067974122067223
59.350813703876675,18.067975204111832
59.35081250781316,18.06797642565333
59.35081213586979,18.067977158864064
59.35081167047734,18.067978218327976
59.3508112916634,18.067979195346886
59.35081105307673,18.067979945428927
59.350810646016384,18.067981341421493
59.35081035659134,18.067982540808575
59.350810169306314,18.067983649097535
59.35080998294335,18.067985069331275
59.350809891085376,18.067986137157746
59.35081139978165,18.067988271925394
59.35081154802887,18.0679897140336
59.35081171535555,18.06799096520351
59.35081191605619,18.067992027280546
59.350812237316305,18.067993521721586
59.350812490129954,18.067994530501636
59.3508127819903,18.06799546867064
59.350813189676636,18.067996648879344
59.350813506170155,18.06799742554028
59.35081393724268,18.067998249262732
59.35081606993557,18.067996527692976
59.350816487203716,18.06799681512265
59.350817073828445,18.06799711984251
59.350817888125675,18.067997469331903
59.35081836334439,18.067997591936205
59.35081908747779,18.067997694152094
59.350819861042865,18.067997712918913
59.35082032476939,18.067997636321593
59.3508210230508,18.067997458687195
59.35082167652742,18.067997291621296
59.350821374709014,18.067997868121736
59.35082204726831,18.06799783634747
59.35082263162501,18.06799783255705
59.3508228250998,18.0679978490626
59.350823329017864,18.067997895815136
59.350824147917244,18.06799796616167
59.35082488704208,18.06799799639353
59.35082551242664,18.067997973608676
59.3508263393678,18.06799794380413
59.350826889297565,18.06799790910523
59.35082867255673,18.067998576150146
59.35082940821703,18.06799858231794
59.35082983570008,18.067998576377434
59.35083046607505,18.06799855882777
59.35083126554464,18.06799854904724
59.35083178902538,18.06799860550295
59.35083242130315,18.067998767820797
59.35083311274872,18.067998979879636
59.350833543066045,18.067999172322985
59.35083426878124,18.067999547388848
59.350836153588524,18.068001212737144
59.35083659480445,18.068001590617556
59.35083720933893,18.06800211989123
59.35083772243062,18.068002588804646
59.350838188719806,18.06800306631252
59.350838906753864,18.068003822415243
59.35083944739547,18.0680044390268
59.35083993893181,18.068005046660435
59.35084054914106,18.06800579655556
59.35084092305388,18.068006272288578
59.35084180046402,18.068008344752464
59.35084239425675,18.068009228618
59.35084277231596,18.068009813640916
59.35084326518236,18.06801059293873
59.35084381234715,18.068011430122862
59.35084418551354,18.068011968750252
59.350844752161805,18.068012754287917
59.35084534648767,18.068013561627474
59.350845646379064,18.06801395482116
59.350846230661126,18.068014711001236
59.35084699781693,18.068015922475606
59.350847400232894,18.06801644842505
59.350848049241606,18.06801729141768
59.3508485689471,18.068017967672475
59.350848991032606,18.068018514359093
59.35084963679854,18.068019341992986
59.35085015865269,18.06802000269499
59.35085065471066,18.06802061965686
59.350851345121356,18.06802147556224
59.35085176081792,18.068021987473493
59.350852932275764,18.068022841820188
59.35085366537423,18.06802365725488
59.350854210522584,18.068024254285746
59.35085475033347,18.068024837385952
59.35085537529704,18.068025519613442
59.350855773951054,18.06802597073617
59.35085630720391,18.068026599470944
59.35085693561347,18.068027349609675
59.35085731220401,18.06802781292702
59.35085788539896,18.068028529339372
59.35085913597418,18.068029920024376
59.350859546711135,18.06803044412967
59.35086011142612,18.06803116923871
59.35086069687078,18.068031924253564
59.3508611362264,18.068032500181985
59.350861731671536,18.068033283120275
59.3508623118947,18.068034045515166
59.3508627593466,18.068034643944785
59.35086334174292,18.068035421926997
59.350863852304855,18.068036105395976
59.35086488325222,18.068037614704505
59.35086552253334,18.068038494408377
59.35086604667616,18.06803921791318
59.35086623401754,18.068039478994955
59.35086629559052,18.068039564513832
59.350866317253406,18.06803959426814
59.350866629226644,18.06804001311063
59.35086736551224,18.068040985885922
59.35086802753952,18.06804175581853
59.3508685381493,18.06804217078245
59.35087067180005,18.068043565037044
59.350871191257745,18.068043794015104
59.35087173333107,18.068043914935902
59.35087253097136,18.06804400916601
59.35087320991512,18.068044002902553
59.35087379381437,18.068043849541837
59.350874552592174,18.068043569832334
59.350875089899986,18.068043302163314
59.35087564918991,18.068042898116662
59.350876430906936,18.068042270936143
59.35087629422182,18.068039509042666
59.35087674815288,18.068038666439218
59.350877342929124,18.068037492298135
59.35087769318453,18.068036717460537
59.35087799994435,18.068035884058656
59.35087842167415,18.068034663349515
59.350878661443595,18.06803394267179
59.35087894258789,18.068033052128786
59.350879362726346,18.0680317392789
59.35087964587808,18.068030918269997
59.350880162362365,18.068028600190846
59.35088057457162,18.068027396775808
59.35088085984742,18.068026598983405
59.35088124186044,18.06802555287408
59.35088170190011,18.068024308270118
59.350881987936745,18.068023570684403
59.350882376912104,18.06802258948596
59.35088281769672,18.06802151637539
59.35088307967844,18.068020939553147
59.3508835295724,18.068019986942346
59.350885345419414,18.068019897576058
59.35088569405976,18.06801943623529
59.35088630092436,18.068018639229702
59.35088689648907,18.068017825742885
59.35088725948118,18.06801728445903
59.35088783584503,18.068016395477677
59.350888365795626,18.068015566787977
59.350888709418676,18.068015004158728
59.35088931928978,18.068013998805903
59.35088984139452,18.06801312201167
59.350890065937726,18.068011716758075
59.35089061226551,18.068010634692435
59.350891001721784,18.06800986447002
59.35089140742551,18.06800906594959
59.35089201264691,18.068007890292986
59.35089246521301,18.068007051833902
59.35089290813059,18.068006272571232
59.35089356026141,18.068005144209383
59.35089395906539,18.06800447921517
59.35089437169624,18.06800381244819
59.350894572246965,18.06800253685391
59.35089490513862,18.068001968378475
59.350895058323154,18.068001703769855
59.35089559637935,18.068000762058865
59.350896312077055,18.067999573735023
59.35089668473621,18.067999002235315
59.35089680939443,18.067998819147466
59.350896850660405,18.067998759199547
59.35089692497024,18.067998654647653
59.350897474765326,18.067997882811536
59.35090182407626,18.067995295368984
59.35090236641517,18.067994559565186
59.35090284714647,18.067993723166804
59.35090326520448,18.067992903350298
59.35090349695612,18.0679923666097
59.3509039814377,18.06799114838644
59.35090442086438,18.06798993849748
59.350904700011135,18.06798898677116
59.35090501800606,18.067987736259305
59.350905266675724,18.067986665457962
59.350909595242825,18.067981136729433
59.35091021310544,18.067982240943895
59.35091066003851,18.06798289918057
59.35091120769596,18.067983621142574
59.35091192873802,18.06798448479329
59.35091239586798,18.067985096528194
59.35091288673859,18.067985895207073
59.350913419990334,18.0679868653407
59.350913751798146,18.067987607740996
59.35091416456409,18.06798867295091
59.350913243321216,18.067985391273165
59.350913530152994,18.067985997130066
59.350913954093,18.067987004460516
59.350914455642354,18.06798829530645
59.350914690919595,18.067989028331777
59.350915038723194,18.06799027774231
59.35091535182691,18.067991571228387
59.35091549102421,18.067992285959974
59.35091569989174,18.067993546244143
59.35091592252897,18.067995073437768
59.35090846246989,18.068008239508103
59.35090797642454,18.06800913641693
59.35090747209063,18.06800999997171
59.35090716630611,18.068010443511184
59.35090659958099,18.06801116391733
59.350906010095926,18.06801185310973
59.3509056926565,18.068012166707465
59.35090557959289,18.06801226007324
59.35090554110429,18.06801228942157
59.35090552777354,18.068012299534345
59.35090749270684,18.068011177570607
59.35090749099058,18.06801117987935
59.350907490603475,18.068011180407503
59.35090749039213,18.06801118068802
59.350907490341775,18.068011180754528
59.35090749032438,18.068011180777415
59.35090749031859,18.068011180785035
59.350907490315976,18.068011180788453
59.350907490315095,18.06801118078961
59.35090749031495,18.068011180789792
59.35090886275589,18.068010398187397
59.350908862756455,18.06801039818669
59.350908862756555,18.068010398186473
59.350908862756484,18.0680103981866
59.35090886275644,18.06801039818667
59.35090886275644,18.068010398186665
59.35090886275644,18.06801039818668
59.35090886275644,18.068010398186683
59.35090886275644,18.068010398186683
59.35090886275644,18.068010398186683
59.350904030190534,18.067992818711737
59.350904030192766,18.06799281870913
59.350904030192304,18.06799281870942
59.350904030192595,18.067992818709786
59.350904030192495,18.06799281870975
59.350904030192524,18.067992818709804
59.350904030192524,18.06799281870981
59.350904030192524,18.06799281870982
59.35090403019254,18.06799281870982
59.35090403019254,18.06799281870982
59.35090377178365,18.06798062785869
59.35090377178572,18.067980627846627
59.35090354601703,18.067980612442962
59.35090264147498,18.067980565182577
59.35090184627241,18.067980568424694
59.35090134132615,18.06798064082965
59.350900641217045,18.06798079381133
59.350900034734536,18.06798086488244
59.35089950492657,18.067980881320487
59.350898703007005,18.067980901573943
59.35089821268695,18.067981034261678
59.350897732391616,18.067980969016542
59.350896901313035,18.067980857352595
59.35089621737535,18.067980721071958
59.350895646782625,18.067980544440935
59.35089486081936,18.06798028503261
59.350894314638346,18.067980062292058
59.350893809217,18.06797981428079
59.350893038527275,18.067979427445408
59.3508926018292,18.06797918688999
59.35089292218677,18.067995053579388
59.35089235444269,18.067996000018216
59.35089196815113,18.06799654730555
59.35089150185563,18.067997126425837
59.35089090086245,18.067997829482014
59.350890392162725,18.06799833715598
59.35088985491559,18.0679987441297
59.35088912873211,18.067999200757157
59.35088864756522,18.06799941029801
59.35088797685455,18.06799957795513
59.350891683250424,18.068017076034437
59.35089146248433,18.06801782330167
59.35089109917049,18.06801891057988
59.350890620067474,18.068020193573954
59.35089030173479,18.068020906252936
59.350889844732606,18.06802182759235
59.35088928214704,18.06802290582744
59.350888963104644,18.068023431611877
59.35088839007699,18.068024233353288
59.35088770930213,18.068025090896676
59.35090356846657,18.068042379988984
59.35090383088709,18.0680435925933
59.35090405090608,18.068044855523294
59.35090414126944,18.0680455731531
59.35090428368661,18.06804700473592
59.35090439844026,18.06804843444426
59.35090443299788,18.068048992654727
59.35090446839627,18.068049604709458
59.3509045714301,18.0680510978045
59.35090466694619,18.06805268009569
59.35090386712649,18.068052815713582
59.35090384727954,18.068054175555496
59.35090383746633,18.068055527031326
59.350903800086456,18.06805641698472
59.35090372126934,18.068057814138143
59.35090363139327,18.068059162993702
59.35090355467654,18.068059916198017
59.350903402750475,18.068061230019836
59.3509032180728,18.06806271345615
59.35090307578937,18.068063552584714
59.35089566346933,18.06805880903771
59.35089501614453,18.068059344012998
59.35089461639882,18.068059592146383
59.35089388538356,18.068059964926242
59.35089314836148,18.06806029788859
59.350892745326014,18.068060427741706
59.35089204663024,18.06806058077392
59.35089133557874,18.06806066169068
59.35089098719232,18.068060640967477
59.35089039165869,18.06806055354638
59.350888372982595,18.06805763120881
59.35088796059668,18.068057298050533
59.35088741622337,18.068056759757525
59.35088675729106,18.068056067388525
59.35088646107883,18.068055697424796
59.35088594754203,18.068054984986855
59.35088534090799,18.068054097932205
59.35088502221616,18.068053566946862
59.35088456310018,18.06805269895292
59.35088398566433,18.068051560925444
59.35088877250494,18.06802673747184
59.35088897660589,18.068025513848823
59.350889198837436,18.068024347616777
59.35088939415449,18.06802355383146
59.35088974203373,18.068022365398427
59.350890117768664,18.068021138782765
59.35089029029331,18.06802051334512
59.35089059781049,18.068019283090727
59.35089090432176,18.068017952195454
59.350891045105826,18.06801721684914
59.35088758197843,18.068012109816763
59.35088737913847,18.068010743144065
59.350887289222854,18.06801016620456
59.35088705366,18.068008861424868
59.35088678619837,18.06800729200984
59.3508866778746,18.068006445170223
59.35088656380274,18.068005144223825
59.35088646378359,18.068003635926797
59.35088643999457,18.068002718938118
59.350886441280636,18.068001470256394
59.35088573128492,18.067995848194453
59.35088566131245,18.06799510634104
59.35088552292548,18.067993670183093
59.3508853779974,18.06799208079722
59.350885335833254,18.06799129401521
59.350885303888795,18.067990102432766
59.350885261544796,18.06798853298043
59.35088525932713,18.06798763805238
59.35088529851923,18.067986495015635
59.350885353982804,18.067984948559864
59.35088677272688,18.06797987020869
59.35088673897284,18.067978621656277
59.35088667937485,18.067977067838985
59.35088664155821,18.067976320599406
59.350886572220006,18.067975119440586
59.35088647016066,18.067973531990955
59.35088638876864,18.06797260670839
59.350886249777446,18.06797136965634
59.35088608251837,18.067969951310147
59.35088596891731,18.06796916085235
59.35089318641056,18.06796284190087
59.35089318501362,18.06796133575797
59.35089312693265,18.06796038652813
59.35089306918408,18.067959248171608
59.350892969199954,18.067957690549502
59.350892885081436,18.06795680897423
59.350892696774736,18.06795557222511
59.350892414794345,18.067954068374007
59.35089223513533,18.06795333892087
59.350891910557316,18.067952244250556
59.35088920905655,18.06795330096957
59.35088886204548,18.06795266028918
59.35088838303747,18.067951859144923
59.35088774178543,18.06795093363842
59.35088733383997,18.06795046392708
59.350886719267876,18.067949892483682
59.350885970630216,18.067949258062587
59.35088561428862,18.067948956343916
59.350885019002725,18.06794845231149
59.35088431578262,18.067947848862573
59.350877180737754,18.067954820472504
59.350876534077756,18.06795489348741
59.35087576669788,18.06795498521705
59.35087529866979,18.067955043575378
59.35087463444626,18.06795512256803
59.35087385385224,18.067955217350075
59.35087336656257,18.067955235057795
59.35087274866579,18.06795512403381
59.35087197332636,18.06795490778719
59.350871503821715,18.067954704483398
59.350869420457016,18.067955848226852
59.35086860726246,18.06795540270012
59.35086818208356,18.067955095923097
59.350867573399825,18.0679545632379
59.35086700265171,18.067954008627723
59.35086667968851,18.06795362656712
59.350866128610996,18.067952900938934
59.3508655024174,18.067952003947934
59.35086519396678,18.06795147358097
59.35086470594972,18.067950511030773
59.35085663821893,18.067962698364727
59.35085622629079,18.067962366202845
59.350855661963244,18.067961909546405
59.35085502480488,18.06796125817312
59.350854610004724,18.06796074193607
59.35085402720253,18.067959909105785
59.350853447316936,18.067959001260824
59.3508532630971,18.067958650427038
59.35085303064871,18.067958158345792
59.350852455933165,18.06795693769471
59.350859955820056,18.06794281553354
59.35085983831311,18.067941943644506
59.35085972357165,18.067940595640184
59.35085959402481,18.067939200897968
59.35085954916713,18.067938375929025
59.35085952094089,18.067937036832554
59.35085951269607,18.067935595274605
59.35085953799148,18.067934762229953
59.35085958738166,18.06793343055281
59.350859643924096,18.067931975546728
59.350869900192635,18.067921267496914
59.35087007153534,18.067920119695078
59.35087027365394,18.06791867038315
59.35087038712115,18.067917939392736
59.35087062060727,18.06791658062141
59.35087084463228,18.067915143549705
59.35087093002018,18.067914227406195
59.350870975802074,18.06791310467669
59.350871005856504,18.06791182982694
59.35087099233327,18.06791094147984
59.35087128884197,18.067908228452225
59.350871131689146,18.067906624356223
59.35087098351225,18.067905642731546
59.35087075307559,18.067904400980563
59.35087046413511,18.06790305267927
59.35087026261445,18.06790227596847
59.350869966525224,18.06790130947264
59.3508695326166,18.067900004031042
59.350869254843275,18.067899276969772
59.35086884545126,18.067898369851854
59.3508629031648,18.06790196211559
59.350862455935115,18.06790183640166
59.350862313912344,18.067901816588773
59.35086226541807,18.067901813597675
59.35086223780016,18.06790181308213
59.350861674303,18.06790175593219
59.350860636865974,18.067901599963218
59.350860101484685,18.06790157367033
59.350859615584625,18.067901660866905
59.35085886597724,18.067901837545453
59.35085800108861,18.067904999101277
59.35085753491338,18.067905521477055
59.350856880931026,18.0679063159466
59.35085639750545,18.067906987840367
59.35085590462876,18.067907822144104
59.35085531024054,18.0679089057972
59.35085487390701,18.06790971041691
59.35085445258194,18.06791050564557
59.35085393088373,18.06791148213098
59.350853598108586,18.067912104212652
59.35085314071091,18.067910213894084
59.35085250798048,18.06791103459862
59.35085207559054,18.06791162422647
59.35085182031645,18.06791199397171
59.350851735101,18.067912117345724
59.35085170299112,18.067912164033594
59.35085169215536,18.067912179725678
59.35085168820241,18.067912185440743
59.350851686935435,18.067912187272814
59.35085168655561,18.067912187823612
59.35086326448763,18.067896705202298
59.35086326439776,18.06789670520801
59.35086326437791,18.067896705209233
59.35086326437349,18.067896705209602
59.350863264370666,18.06789670520989
59.350863264370304,18.067896705209932
59.35086326436998,18.06789670520997
59.35086326436996,18.067896705209975
59.350863264369934,18.06789670520998
59.350863264369906,18.067896705209982
59.35086421749931,18.067895073680425
59.3508642175009,18.067895073679594
59.35086421750073,18.06789507367905
59.35086421750094,18.067895073678976
59.35086421750094,18.06789507367897
59.350864217500956,18.067895073678965
59.350864217500956,18.067895073678965
59.350864217500956,18.067895073678965
59.350864217500956,18.067895073678965
59.350864217500956,18.067895073678965
59.35086457698753,18.067894307411898
59.350864576988215,18.0678943074114
59.35086457698839,18.06789430741102
59.35086457698837,18.06789430741095
59.35086457698844,18.067894307410953
59.35086457698839,18.067894307410945
59.35086457698839,18.067894307410945
59.35086457698839,18.067894307410945
59.35086457698839,18.067894307410945
59.35086457698839,18.067894307410945
59.35086455060661,18.067894367003557
59.35086455060649,18.067894367003618
59.350864550606516,18.067894367003667
59.35086455060653,18.067894367003678
